{"name":"datadotworld-apps_box-com","title":"Box.com","description":"Transfer and sync files from Box.com to data.world","homepage":"https://data.world/datadotworld-apps/box-com","resources":[{"name":"original/logo.png","path":"original/logo.png","format":"png","mediatype":"image/png","bytes":50900},{"name":"original/screenshot_1_box_new-box.png","path":"original/screenshot_1_box_new-box.png","format":"png","mediatype":"image/png","bytes":225541},{"name":"original/screenshot_2_box_choose-box.png","path":"original/screenshot_2_box_choose-box.png","format":"png","mediatype":"image/png","bytes":229249},{"name":"original/screenshot_3_box_choose-file.png","path":"original/screenshot_3_box_choose-file.png","format":"png","mediatype":"image/png","bytes":193834},{"name":"original/summary.md","path":"original/summary.md","format":"md","mediatype":"text/markdown","bytes":962}],"keywords":["released","override","import","autosync","free","cloud"]}